Workbook

Sheet Performance Data
A1: Lead Source | B1: Total Leads | C1: Qualified Leads | D1: Conversions | E1: Conversion % | F1: Total Cost (₹)
A2: Events | B2: 195 | C2: 170 | D2: 86 | E2: =D1/B1 -> #VALUE! | F2: 46937
A3: LinkedIn | B3: 178 | C3: 62 | D3: 31 | E3: =D2/B2 -> 0.44102564 | F3: 35510
A4: Website | B4: 192 | C4: 188 | D4: 161 | E4: =D3/B3 -> 0.1741573 | F4: 68737
A5: Cold Calling | B5: 102 | C5: 20 | D5: 6 | E5: =D4/B4 -> 0.83854167 | F5: 77090
A6: Referrals | B6: 170 | C6: 103 | D6: 7 | E6: =D5/B5 -> 0.058823529 | F6: 15244
A7: Cold Calling | B7: 285 | C7: 243 | D7: 138 | E7: =D6/B6 -> 0.041176471 | F7: 56768
A8: Google Ads | B8: 21 | C8: 18 | D8: 8 | E8: =D7/B7 -> 0.48421053 | F8: 70010
A9: Website | B9: 71 | C9: 50 | D9: 36 | E9: =D8/B8 -> 0.38095238 | F9: 86876
A10: LinkedIn | B10: 199 | C10: 143 | D10: 70 | E10: =D9/B9 -> 0.50704225 | F10: 13305
A11: Email Marketing | B11: 112 | C11: 109 | D11: 12 | E11: =D10/B10 -> 0.35175879 | F11: 49158
A12: Google Ads | B12: 250 | C12: 157 | D12: 21 | E12: =D11/B11 -> 0.10714286 | F12: 90000
A13: Referrals | B13: 78 | C13: 39 | D13: 10 | E13: =D12/B12 -> 0.084 | F13: 35251
... A51: Google Ads | B51: 140 | C51: 56 | D51: 19 | E51: =D50/B50 -> 0.029045643 | F51: 52717

Sheet Lead_Data
A1: Lead Source | B1: Total Leads | C1: Total Conversions | D1: Total Cost (₹)
A2: Website | B2: 1121 | C2: 391 | D2: 45000
A3: Google Ads | B3: 964 | C3: 121 | D3: 120000
A4: LinkedIn Ads | B4: 1365 | C4: 440 | D4: 80000
A5: Email Marketing | B5: 1527 | C5: 570 | D5: 30000
A6: Events | B6: 1285 | C6: 379 | D6: 150000
A7: Referrals | B7: 1580 | C7: 338 | D7: 10000
A8: Cold Calling | B8: 457 | C8: 187 | D8: 60000

Sheet KPI_Calculation
A1: Lead Source | B1: Conversion Rate (%) | C1: Cost per Lead (₹) | D1: Cost per Conversion (₹) | E1: ROI Category
A2: =Lead_Data!A2 -> Website | B2: =Lead_Data!C2/Lead_Data!B2 -> 0.34879572 | C2: =Lead_Data!D2/Lead_Data!B2 -> 40.14273 | D2: =Lead_Data!D2/Lead_Data!C2 -> 115.08951
A3: =Lead_Data!A3 -> Google Ads | B3: =Lead_Data!C3/Lead_Data!B3 -> 0.12551867 | C3: =Lead_Data!D3/Lead_Data!B3 -> 124.48133 | D3: =Lead_Data!D3/Lead_Data!C3 -> 991.73554
A4: =Lead_Data!A4 -> LinkedIn Ads | B4: =Lead_Data!C4/Lead_Data!B4 -> 0.32234432 | C4: =Lead_Data!D4/Lead_Data!B4 -> 58.608059 | D4: =Lead_Data!D4/Lead_Data!C4 -> 181.81818
A5: =Lead_Data!A5 -> Email Marketing | B5: =Lead_Data!C5/Lead_Data!B5 -> 0.37328094 | C5: =Lead_Data!D5/Lead_Data!B5 -> 19.646365 | D5: =Lead_Data!D5/Lead_Data!C5 -> 52.631579
A6: =Lead_Data!A6 -> Events | B6: =Lead_Data!C6/Lead_Data!B6 -> 0.29494163 | C6: =Lead_Data!D6/Lead_Data!B6 -> 116.73152 | D6: =Lead_Data!D6/Lead_Data!C6 -> 395.77836
A7: =Lead_Data!A7 -> Referrals | B7: =Lead_Data!C7/Lead_Data!B7 -> 0.21392405 | C7: =Lead_Data!D7/Lead_Data!B7 -> 6.3291139 | D7: =Lead_Data!D7/Lead_Data!C7 -> 29.585799
A8: =Lead_Data!A8 -> Cold Calling | B8: =Lead_Data!C8/Lead_Data!B8 -> 0.40919037 | C8: =Lead_Data!D8/Lead_Data!B8 -> 131.29103 | D8: =Lead_Data!D8/Lead_Data!C8 -> 320.85561

Sheet Lead_Source_Map
A1: Lead Source | B1: Lead Volume | C1: Conversion Performance | D1: Cost Efficiency | E1: Overall Rating
A2: =Lead_Data!A2 -> Website | B2: =Lead_Data!B2 -> 1121 | C2: =KPI_Calculation!B2 -> 0.34879572 | D2: =KPI_Calculation!C2 -> 40.14273
A3: =Lead_Data!A3 -> Google Ads | B3: =Lead_Data!B3 -> 964 | C3: =KPI_Calculation!B3 -> 0.12551867 | D3: =KPI_Calculation!C3 -> 124.48133
A4: =Lead_Data!A4 -> LinkedIn Ads | B4: =Lead_Data!B4 -> 1365 | C4: =KPI_Calculation!B4 -> 0.32234432 | D4: =KPI_Calculation!C4 -> 58.608059
A5: =Lead_Data!A5 -> Email Marketing | B5: =Lead_Data!B5 -> 1527 | C5: =KPI_Calculation!B5 -> 0.37328094 | D5: =KPI_Calculation!C5 -> 19.646365
A6: =Lead_Data!A6 -> Events | B6: =Lead_Data!B6 -> 1285 | C6: =KPI_Calculation!B6 -> 0.29494163 | D6: =KPI_Calculation!C6 -> 116.73152
A7: =Lead_Data!A7 -> Referrals | B7: =Lead_Data!B7 -> 1580 | C7: =KPI_Calculation!B7 -> 0.21392405 | D7: =KPI_Calculation!C7 -> 6.3291139
A8: =Lead_Data!A8 -> Cold Calling | B8: =Lead_Data!B8 -> 457 | C8: =KPI_Calculation!B8 -> 0.40919037 | D8: =KPI_Calculation!C8 -> 131.29103

Sheet Prioritization_Matrix
A1: Lead Source | B1: Conversion Rate | C1: Cost per Lead | D1: Priority Level
A2: =Lead_Data!A2 -> Website | B2: =KPI_Calculation!B2 -> 0.34879572 | C2: =KPI_Calculation!C2 -> 40.14273 | D2: MEDIUM
A3: =Lead_Data!A3 -> Google Ads | B3: =KPI_Calculation!B3 -> 0.12551867 | C3: =KPI_Calculation!C3 -> 124.48133 | D3: LOW
A4: =Lead_Data!A4 -> LinkedIn Ads | B4: =KPI_Calculation!B4 -> 0.32234432 | C4: =KPI_Calculation!C4 -> 58.608059 | D4: MEDIUM
A5: =Lead_Data!A5 -> Email Marketing | B5: =KPI_Calculation!B5 -> 0.37328094 | C5: =KPI_Calculation!C5 -> 19.646365 | D5: HIGH
A6: =Lead_Data!A6 -> Events | B6: =KPI_Calculation!B6 -> 0.29494163 | C6: =KPI_Calculation!C6 -> 116.73152 | D6: MEDIUM
A7: =Lead_Data!A7 -> Referrals | B7: =KPI_Calculation!B7 -> 0.21392405 | C7: =KPI_Calculation!C7 -> 6.3291139 | D7: HIGH
A8: =Lead_Data!A8 -> Cold Calling | B8: =KPI_Calculation!B8 -> 0.40919037 | C8: =KPI_Calculation!C8 -> 131.29103 | D8: MEDIUM

Sheet Action_Plan
A1: Lead Source | B1: Issue Identified | C1: Recommended Action | D1: Expected Outcome
A2: Google Ads | B2: High CPL & low conversion | C2: Keyword optimization & ad refinement | D2: Lower CPL
A3: Events | B3: High cost | C3: Participate selectively | D3: Cost reduction
A4: Referrals | B4: Underutilized channel | C4: Introduce referral incentives | D4: Higher quality leads
A5: Email Marketing | B5: Scope for scaling | C5: Increase automation & segmentation | D5: Improved ROI
